--
-- PostgreSQL database dump
--

-- Dumped from database version 17.4
-- Dumped by pg_dump version 17.4

-- Started on 2025-06-24 05:21:00

SET statement_timeout = 0;
SET lock_timeout = 0;
SET idle_in_transaction_session_timeout = 0;
SET transaction_timeout = 0;
SET client_encoding = 'UTF8';
SET standard_conforming_strings = on;
SELECT pg_catalog.set_config('search_path', '', false);
SET check_function_bodies = false;
SET xmloption = content;
SET client_min_messages = warning;
SET row_security = off;

--
-- TOC entry 4916 (class 1262 OID 17642)
-- Name: vet_clinic; Type: DATABASE; Schema: -; Owner: postgres
--

CREATE DATABASE vet_clinic WITH TEMPLATE = template0 ENCODING = 'UTF8' LOCALE_PROVIDER = libc LOCALE = 'English_United States.1252';


ALTER DATABASE vet_clinic OWNER TO postgres;

\connect vet_clinic

SET statement_timeout = 0;
SET lock_timeout = 0;
SET idle_in_transaction_session_timeout = 0;
SET transaction_timeout = 0;
SET client_encoding = 'UTF8';
SET standard_conforming_strings = on;
SELECT pg_catalog.set_config('search_path', '', false);
SET check_function_bodies = false;
SET xmloption = content;
SET client_min_messages = warning;
SET row_security = off;

--
-- TOC entry 4 (class 2615 OID 2200)
-- Name: public; Type: SCHEMA; Schema: -; Owner: pg_database_owner
--

CREATE SCHEMA public;


ALTER SCHEMA public OWNER TO pg_database_owner;

--
-- TOC entry 4917 (class 0 OID 0)
-- Dependencies: 4
-- Name: SCHEMA public; Type: COMMENT; Schema: -; Owner: pg_database_owner
--

COMMENT ON SCHEMA public IS 'standard public schema';


SET default_tablespace = '';

SET default_table_access_method = heap;

--
-- TOC entry 222 (class 1259 OID 17927)
-- Name: animals; Type: TABLE; Schema: public; Owner: postgres
--

CREATE TABLE public.animals (
    animal_id bigint NOT NULL,
    animal_breed character varying(255) NOT NULL,
    animal_color character varying(255),
    animal_date_of_birth date,
    animal_gender character varying(255) NOT NULL,
    animal_name character varying(255) NOT NULL,
    animal_species character varying(255) NOT NULL,
    animal_customer_id bigint NOT NULL,
    CONSTRAINT animals_animal_gender_check CHECK (((animal_gender)::text = ANY ((ARRAY['MALE'::character varying, 'FEMALE'::character varying])::text[])))
);


ALTER TABLE public.animals OWNER TO postgres;

--
-- TOC entry 225 (class 1259 OID 17948)
-- Name: animals2vaccines; Type: TABLE; Schema: public; Owner: postgres
--

CREATE TABLE public.animals2vaccines (
    animal2vaccine_vaccine_protection_finish_date date NOT NULL,
    animal2vaccine_vaccine_protection_start_date date NOT NULL,
    animal2vaccine_animal_id bigint NOT NULL,
    animal2vaccine_vaccine_id bigint NOT NULL
);


ALTER TABLE public.animals2vaccines OWNER TO postgres;

--
-- TOC entry 221 (class 1259 OID 17926)
-- Name: animals_animal_id_seq; Type: SEQUENCE; Schema: public; Owner: postgres
--

ALTER TABLE public.animals ALTER COLUMN animal_id ADD GENERATED BY DEFAULT AS IDENTITY (
    SEQUENCE NAME public.animals_animal_id_seq
    START WITH 1
    INCREMENT BY 1
    NO MINVALUE
    NO MAXVALUE
    CACHE 1
);


--
-- TOC entry 230 (class 1259 OID 17996)
-- Name: appointments; Type: TABLE; Schema: public; Owner: postgres
--

CREATE TABLE public.appointments (
    appointment_id bigint NOT NULL,
    appointment_date timestamp(6) without time zone NOT NULL,
    appointment_animal_id bigint NOT NULL,
    appointment_doctor_id bigint NOT NULL
);


ALTER TABLE public.appointments OWNER TO postgres;

--
-- TOC entry 229 (class 1259 OID 17995)
-- Name: appointments_appointment_id_seq; Type: SEQUENCE; Schema: public; Owner: postgres
--

ALTER TABLE public.appointments ALTER COLUMN appointment_id ADD GENERATED BY DEFAULT AS IDENTITY (
    SEQUENCE NAME public.appointments_appointment_id_seq
    START WITH 1
    INCREMENT BY 1
    NO MINVALUE
    NO MAXVALUE
    CACHE 1
);


--
-- TOC entry 227 (class 1259 OID 17975)
-- Name: available_dates; Type: TABLE; Schema: public; Owner: postgres
--

CREATE TABLE public.available_dates (
    available_date_id bigint NOT NULL,
    available_date date NOT NULL
);


ALTER TABLE public.available_dates OWNER TO postgres;

--
-- TOC entry 226 (class 1259 OID 17974)
-- Name: available_dates_available_date_id_seq; Type: SEQUENCE; Schema: public; Owner: postgres
--

ALTER TABLE public.available_dates ALTER COLUMN available_date_id ADD GENERATED BY DEFAULT AS IDENTITY (
    SEQUENCE NAME public.available_dates_available_date_id_seq
    START WITH 1
    INCREMENT BY 1
    NO MINVALUE
    NO MAXVALUE
    CACHE 1
);


--
-- TOC entry 218 (class 1259 OID 17868)
-- Name: customers; Type: TABLE; Schema: public; Owner: postgres
--

CREATE TABLE public.customers (
    customer_id bigint NOT NULL,
    customer_address character varying(255),
    customer_city character varying(255),
    customer_mail character varying(255) NOT NULL,
    customer_name character varying(255) NOT NULL,
    customer_phone character varying(255) NOT NULL
);


ALTER TABLE public.customers OWNER TO postgres;

--
-- TOC entry 217 (class 1259 OID 17867)
-- Name: customers_customer_id_seq; Type: SEQUENCE; Schema: public; Owner: postgres
--

ALTER TABLE public.customers ALTER COLUMN customer_id ADD GENERATED BY DEFAULT AS IDENTITY (
    SEQUENCE NAME public.customers_customer_id_seq
    START WITH 1
    INCREMENT BY 1
    NO MINVALUE
    NO MAXVALUE
    CACHE 1
);


--
-- TOC entry 220 (class 1259 OID 17876)
-- Name: doctors; Type: TABLE; Schema: public; Owner: postgres
--

CREATE TABLE public.doctors (
    doctor_id bigint NOT NULL,
    doctor_address character varying(255),
    doctor_city character varying(255),
    doctor_mail character varying(255) NOT NULL,
    doctor_name character varying(255) NOT NULL,
    doctor_phone character varying(255) NOT NULL
);


ALTER TABLE public.doctors OWNER TO postgres;

--
-- TOC entry 228 (class 1259 OID 17980)
-- Name: doctors2dates; Type: TABLE; Schema: public; Owner: postgres
--

CREATE TABLE public.doctors2dates (
    doctor2date_doctor_id bigint NOT NULL,
    doctor2date_available_date_id bigint NOT NULL
);


ALTER TABLE public.doctors2dates OWNER TO postgres;

--
-- TOC entry 219 (class 1259 OID 17875)
-- Name: doctors_doctor_id_seq; Type: SEQUENCE; Schema: public; Owner: postgres
--

ALTER TABLE public.doctors ALTER COLUMN doctor_id ADD GENERATED BY DEFAULT AS IDENTITY (
    SEQUENCE NAME public.doctors_doctor_id_seq
    START WITH 1
    INCREMENT BY 1
    NO MINVALUE
    NO MAXVALUE
    CACHE 1
);


--
-- TOC entry 224 (class 1259 OID 17941)
-- Name: vaccines; Type: TABLE; Schema: public; Owner: postgres
--

CREATE TABLE public.vaccines (
    vaccine_id bigint NOT NULL,
    vaccine_name character varying(255) NOT NULL,
    vaccine_code character varying(255) NOT NULL
);


ALTER TABLE public.vaccines OWNER TO postgres;

--
-- TOC entry 223 (class 1259 OID 17940)
-- Name: vaccines_vaccine_id_seq; Type: SEQUENCE; Schema: public; Owner: postgres
--

ALTER TABLE public.vaccines ALTER COLUMN vaccine_id ADD GENERATED BY DEFAULT AS IDENTITY (
    SEQUENCE NAME public.vaccines_vaccine_id_seq
    START WITH 1
    INCREMENT BY 1
    NO MINVALUE
    NO MAXVALUE
    CACHE 1
);


--
-- TOC entry 4902 (class 0 OID 17927)
-- Dependencies: 222
-- Data for Name: animals; Type: TABLE DATA; Schema: public; Owner: postgres
--

INSERT INTO public.animals (animal_id, animal_breed, animal_color, animal_date_of_birth, animal_gender, animal_name, animal_species, animal_customer_id) VALUES (7, 'velo animal breed 4', 'velo animal color 4', '2021-01-01', 'FEMALE', 'velo animal name 4', 'velo animal species 4', 1);
INSERT INTO public.animals (animal_id, animal_breed, animal_color, animal_date_of_birth, animal_gender, animal_name, animal_species, animal_customer_id) VALUES (8, 'velo animal breed 5', 'velo animal color 5', '2020-01-01', 'MALE', 'velo animal name 5', 'velo animal species 5', 2);
INSERT INTO public.animals (animal_id, animal_breed, animal_color, animal_date_of_birth, animal_gender, animal_name, animal_species, animal_customer_id) VALUES (5, 'velo animal breed 2', 'velo animal color 2', '2016-01-01', 'FEMALE', 'velo animal name 2', 'velo animal species 2', 4);
INSERT INTO public.animals (animal_id, animal_breed, animal_color, animal_date_of_birth, animal_gender, animal_name, animal_species, animal_customer_id) VALUES (6, 'velo animal breed 3', 'velo animal color 3', '2017-01-01', 'MALE', 'velo animal name 3', 'velo animal species 3', 6);
INSERT INTO public.animals (animal_id, animal_breed, animal_color, animal_date_of_birth, animal_gender, animal_name, animal_species, animal_customer_id) VALUES (9, 'velo animal breed 6', 'velo animal color 6', '2021-01-01', 'FEMALE', 'velo animal name 6', 'velo animal species 6', 6);


--
-- TOC entry 4905 (class 0 OID 17948)
-- Dependencies: 225
-- Data for Name: animals2vaccines; Type: TABLE DATA; Schema: public; Owner: postgres
--

INSERT INTO public.animals2vaccines (animal2vaccine_vaccine_protection_finish_date, animal2vaccine_vaccine_protection_start_date, animal2vaccine_animal_id, animal2vaccine_vaccine_id) VALUES ('2026-01-01', '2024-01-01', 5, 4);
INSERT INTO public.animals2vaccines (animal2vaccine_vaccine_protection_finish_date, animal2vaccine_vaccine_protection_start_date, animal2vaccine_animal_id, animal2vaccine_vaccine_id) VALUES ('2028-01-01', '2025-01-01', 6, 5);
INSERT INTO public.animals2vaccines (animal2vaccine_vaccine_protection_finish_date, animal2vaccine_vaccine_protection_start_date, animal2vaccine_animal_id, animal2vaccine_vaccine_id) VALUES ('2024-01-01', '2023-01-01', 7, 6);
INSERT INTO public.animals2vaccines (animal2vaccine_vaccine_protection_finish_date, animal2vaccine_vaccine_protection_start_date, animal2vaccine_animal_id, animal2vaccine_vaccine_id) VALUES ('2024-01-01', '2023-01-01', 7, 7);
INSERT INTO public.animals2vaccines (animal2vaccine_vaccine_protection_finish_date, animal2vaccine_vaccine_protection_start_date, animal2vaccine_animal_id, animal2vaccine_vaccine_id) VALUES ('2027-01-01', '2024-01-01', 8, 4);


--
-- TOC entry 4910 (class 0 OID 17996)
-- Dependencies: 230
-- Data for Name: appointments; Type: TABLE DATA; Schema: public; Owner: postgres
--

INSERT INTO public.appointments (appointment_id, appointment_date, appointment_animal_id, appointment_doctor_id) VALUES (6, '2026-01-01 09:00:00', 5, 4);
INSERT INTO public.appointments (appointment_id, appointment_date, appointment_animal_id, appointment_doctor_id) VALUES (7, '2025-01-01 09:00:00', 6, 5);
INSERT INTO public.appointments (appointment_id, appointment_date, appointment_animal_id, appointment_doctor_id) VALUES (8, '2024-01-01 09:00:00', 7, 6);
INSERT INTO public.appointments (appointment_id, appointment_date, appointment_animal_id, appointment_doctor_id) VALUES (9, '2028-01-01 09:00:00', 8, 7);
INSERT INTO public.appointments (appointment_id, appointment_date, appointment_animal_id, appointment_doctor_id) VALUES (10, '2027-06-25 09:00:00', 9, 3);


--
-- TOC entry 4907 (class 0 OID 17975)
-- Dependencies: 227
-- Data for Name: available_dates; Type: TABLE DATA; Schema: public; Owner: postgres
--

INSERT INTO public.available_dates (available_date_id, available_date) VALUES (2, '2026-01-01');
INSERT INTO public.available_dates (available_date_id, available_date) VALUES (3, '2025-01-01');
INSERT INTO public.available_dates (available_date_id, available_date) VALUES (4, '2024-01-01');
INSERT INTO public.available_dates (available_date_id, available_date) VALUES (5, '2027-06-25');
INSERT INTO public.available_dates (available_date_id, available_date) VALUES (6, '2028-01-01');


--
-- TOC entry 4898 (class 0 OID 17868)
-- Dependencies: 218
-- Data for Name: customers; Type: TABLE DATA; Schema: public; Owner: postgres
--

INSERT INTO public.customers (customer_id, customer_address, customer_city, customer_mail, customer_name, customer_phone) VALUES (5, 'test address 5', 'test city 5', 'velo5@mail.com', 'velihan5', '123460');
INSERT INTO public.customers (customer_id, customer_address, customer_city, customer_mail, customer_name, customer_phone) VALUES (6, 'test address 6', 'test city 6', 'velo6@mail.com', 'velihan6', '123461');
INSERT INTO public.customers (customer_id, customer_address, customer_city, customer_mail, customer_name, customer_phone) VALUES (7, 'test address 7', 'test city 7', 'velo7@mail.com', 'velihan7', '123462');
INSERT INTO public.customers (customer_id, customer_address, customer_city, customer_mail, customer_name, customer_phone) VALUES (8, 'test address 8', 'test city 8', 'velo8@mail.com', 'velihan8', '123463');
INSERT INTO public.customers (customer_id, customer_address, customer_city, customer_mail, customer_name, customer_phone) VALUES (11, 'test address 9', 'test city 9', 'velo9@mail.com', 'velihan9', '123464');
INSERT INTO public.customers (customer_id, customer_address, customer_city, customer_mail, customer_name, customer_phone) VALUES (1, 'test address - updated', 'test city - updated', 'velo@updatedmail.com', 'velihan1 - updated', '123456 - updated');
INSERT INTO public.customers (customer_id, customer_address, customer_city, customer_mail, customer_name, customer_phone) VALUES (2, 'test address 2 - updated', 'test city 2 - updated', 'velo2@updatedmail.com', 'velihan2 - updated', '123457 - updated');
INSERT INTO public.customers (customer_id, customer_address, customer_city, customer_mail, customer_name, customer_phone) VALUES (4, 'test address 4 - updated', 'test city 4 - updated', 'velo4@updatedmail.com', 'velihan4 - updated', '123459 - updated');


--
-- TOC entry 4900 (class 0 OID 17876)
-- Dependencies: 220
-- Data for Name: doctors; Type: TABLE DATA; Schema: public; Owner: postgres
--

INSERT INTO public.doctors (doctor_id, doctor_address, doctor_city, doctor_mail, doctor_name, doctor_phone) VALUES (3, 'velo doctor address', 'velo doctor city', 'velodoctor@mail.com', 'velo doctor', 'velo doctor phone');
INSERT INTO public.doctors (doctor_id, doctor_address, doctor_city, doctor_mail, doctor_name, doctor_phone) VALUES (4, 'velo doctor address 2', 'velo doctor city 2', 'velodoctor2@mail.com', 'velo doctor 2', 'velo doctor phone 2');
INSERT INTO public.doctors (doctor_id, doctor_address, doctor_city, doctor_mail, doctor_name, doctor_phone) VALUES (5, 'velo doctor address 3', 'velo doctor city 3', 'velodoctor3@mail.com', 'velo doctor 3', 'velo doctor phone 3');
INSERT INTO public.doctors (doctor_id, doctor_address, doctor_city, doctor_mail, doctor_name, doctor_phone) VALUES (6, 'velo doctor address 4', 'velo doctor city 4', 'velodoctor4@mail.com', 'velo doctor 4', 'velo doctor phone 4');
INSERT INTO public.doctors (doctor_id, doctor_address, doctor_city, doctor_mail, doctor_name, doctor_phone) VALUES (7, 'velo doctor address 5', 'velo doctor city 5', 'velodoctor5@mail.com', 'velo doctor 5', 'velo doctor phone 5');


--
-- TOC entry 4908 (class 0 OID 17980)
-- Dependencies: 228
-- Data for Name: doctors2dates; Type: TABLE DATA; Schema: public; Owner: postgres
--

INSERT INTO public.doctors2dates (doctor2date_doctor_id, doctor2date_available_date_id) VALUES (3, 5);
INSERT INTO public.doctors2dates (doctor2date_doctor_id, doctor2date_available_date_id) VALUES (5, 3);
INSERT INTO public.doctors2dates (doctor2date_doctor_id, doctor2date_available_date_id) VALUES (4, 2);
INSERT INTO public.doctors2dates (doctor2date_doctor_id, doctor2date_available_date_id) VALUES (6, 4);
INSERT INTO public.doctors2dates (doctor2date_doctor_id, doctor2date_available_date_id) VALUES (7, 6);


--
-- TOC entry 4904 (class 0 OID 17941)
-- Dependencies: 224
-- Data for Name: vaccines; Type: TABLE DATA; Schema: public; Owner: postgres
--

INSERT INTO public.vaccines (vaccine_id, vaccine_name, vaccine_code) VALUES (2, 'velo vaccine', 'velo vaccine code');
INSERT INTO public.vaccines (vaccine_id, vaccine_name, vaccine_code) VALUES (4, 'velo vaccine 2', 'velo vaccine code 2');
INSERT INTO public.vaccines (vaccine_id, vaccine_name, vaccine_code) VALUES (5, 'velo vaccine 3', 'velo vaccine code 3');
INSERT INTO public.vaccines (vaccine_id, vaccine_name, vaccine_code) VALUES (6, 'velo vaccine 4', 'velo vaccine code 4');
INSERT INTO public.vaccines (vaccine_id, vaccine_name, vaccine_code) VALUES (7, 'velo vaccine 5', 'velo vaccine code 5');
INSERT INTO public.vaccines (vaccine_id, vaccine_name, vaccine_code) VALUES (8, 'velo vaccine 5', 'velo vaccine code 5');


--
-- TOC entry 4918 (class 0 OID 0)
-- Dependencies: 221
-- Name: animals_animal_id_seq; Type: SEQUENCE SET; Schema: public; Owner: postgres
--

SELECT pg_catalog.setval('public.animals_animal_id_seq', 9, true);


--
-- TOC entry 4919 (class 0 OID 0)
-- Dependencies: 229
-- Name: appointments_appointment_id_seq; Type: SEQUENCE SET; Schema: public; Owner: postgres
--

SELECT pg_catalog.setval('public.appointments_appointment_id_seq', 10, true);


--
-- TOC entry 4920 (class 0 OID 0)
-- Dependencies: 226
-- Name: available_dates_available_date_id_seq; Type: SEQUENCE SET; Schema: public; Owner: postgres
--

SELECT pg_catalog.setval('public.available_dates_available_date_id_seq', 6, true);


--
-- TOC entry 4921 (class 0 OID 0)
-- Dependencies: 217
-- Name: customers_customer_id_seq; Type: SEQUENCE SET; Schema: public; Owner: postgres
--

SELECT pg_catalog.setval('public.customers_customer_id_seq', 11, true);


--
-- TOC entry 4922 (class 0 OID 0)
-- Dependencies: 219
-- Name: doctors_doctor_id_seq; Type: SEQUENCE SET; Schema: public; Owner: postgres
--

SELECT pg_catalog.setval('public.doctors_doctor_id_seq', 7, true);


--
-- TOC entry 4923 (class 0 OID 0)
-- Dependencies: 223
-- Name: vaccines_vaccine_id_seq; Type: SEQUENCE SET; Schema: public; Owner: postgres
--

SELECT pg_catalog.setval('public.vaccines_vaccine_id_seq', 8, true);


--
-- TOC entry 4738 (class 2606 OID 17952)
-- Name: animals2vaccines animals2vaccines_pkey; Type: CONSTRAINT; Schema: public; Owner: postgres
--

ALTER TABLE ONLY public.animals2vaccines
    ADD CONSTRAINT animals2vaccines_pkey PRIMARY KEY (animal2vaccine_animal_id, animal2vaccine_vaccine_id);


--
-- TOC entry 4734 (class 2606 OID 17934)
-- Name: animals animals_pkey; Type: CONSTRAINT; Schema: public; Owner: postgres
--

ALTER TABLE ONLY public.animals
    ADD CONSTRAINT animals_pkey PRIMARY KEY (animal_id);


--
-- TOC entry 4744 (class 2606 OID 18000)
-- Name: appointments appointments_pkey; Type: CONSTRAINT; Schema: public; Owner: postgres
--

ALTER TABLE ONLY public.appointments
    ADD CONSTRAINT appointments_pkey PRIMARY KEY (appointment_id);


--
-- TOC entry 4740 (class 2606 OID 17979)
-- Name: available_dates available_dates_pkey; Type: CONSTRAINT; Schema: public; Owner: postgres
--

ALTER TABLE ONLY public.available_dates
    ADD CONSTRAINT available_dates_pkey PRIMARY KEY (available_date_id);


--
-- TOC entry 4730 (class 2606 OID 17874)
-- Name: customers customers_pkey; Type: CONSTRAINT; Schema: public; Owner: postgres
--

ALTER TABLE ONLY public.customers
    ADD CONSTRAINT customers_pkey PRIMARY KEY (customer_id);


--
-- TOC entry 4742 (class 2606 OID 17984)
-- Name: doctors2dates doctors2dates_pkey; Type: CONSTRAINT; Schema: public; Owner: postgres
--

ALTER TABLE ONLY public.doctors2dates
    ADD CONSTRAINT doctors2dates_pkey PRIMARY KEY (doctor2date_doctor_id, doctor2date_available_date_id);


--
-- TOC entry 4732 (class 2606 OID 17882)
-- Name: doctors doctors_pkey; Type: CONSTRAINT; Schema: public; Owner: postgres
--

ALTER TABLE ONLY public.doctors
    ADD CONSTRAINT doctors_pkey PRIMARY KEY (doctor_id);


--
-- TOC entry 4736 (class 2606 OID 17945)
-- Name: vaccines vaccines_pkey; Type: CONSTRAINT; Schema: public; Owner: postgres
--

ALTER TABLE ONLY public.vaccines
    ADD CONSTRAINT vaccines_pkey PRIMARY KEY (vaccine_id);


--
-- TOC entry 4750 (class 2606 OID 18006)
-- Name: appointments fk27d0xcbajwaeeun2doojsae4; Type: FK CONSTRAINT; Schema: public; Owner: postgres
--

ALTER TABLE ONLY public.appointments
    ADD CONSTRAINT fk27d0xcbajwaeeun2doojsae4 FOREIGN KEY (appointment_doctor_id) REFERENCES public.doctors(doctor_id);


--
-- TOC entry 4746 (class 2606 OID 17958)
-- Name: animals2vaccines fk5acp160o5qqoi1lc888qrumwc; Type: FK CONSTRAINT; Schema: public; Owner: postgres
--

ALTER TABLE ONLY public.animals2vaccines
    ADD CONSTRAINT fk5acp160o5qqoi1lc888qrumwc FOREIGN KEY (animal2vaccine_vaccine_id) REFERENCES public.vaccines(vaccine_id);


--
-- TOC entry 4747 (class 2606 OID 17953)
-- Name: animals2vaccines fketk17b52rs18fk6tl8oh5y59v; Type: FK CONSTRAINT; Schema: public; Owner: postgres
--

ALTER TABLE ONLY public.animals2vaccines
    ADD CONSTRAINT fketk17b52rs18fk6tl8oh5y59v FOREIGN KEY (animal2vaccine_animal_id) REFERENCES public.animals(animal_id);


--
-- TOC entry 4748 (class 2606 OID 17985)
-- Name: doctors2dates fkjdujaykq4jnqyyddsql5msmx3; Type: FK CONSTRAINT; Schema: public; Owner: postgres
--

ALTER TABLE ONLY public.doctors2dates
    ADD CONSTRAINT fkjdujaykq4jnqyyddsql5msmx3 FOREIGN KEY (doctor2date_available_date_id) REFERENCES public.available_dates(available_date_id);


--
-- TOC entry 4745 (class 2606 OID 17935)
-- Name: animals fknjsvd8kplxqmf48ybxayrx6ru; Type: FK CONSTRAINT; Schema: public; Owner: postgres
--

ALTER TABLE ONLY public.animals
    ADD CONSTRAINT fknjsvd8kplxqmf48ybxayrx6ru FOREIGN KEY (animal_customer_id) REFERENCES public.customers(customer_id);


--
-- TOC entry 4751 (class 2606 OID 18001)
-- Name: appointments fko4t945rb708af9ry6syof7bwt; Type: FK CONSTRAINT; Schema: public; Owner: postgres
--

ALTER TABLE ONLY public.appointments
    ADD CONSTRAINT fko4t945rb708af9ry6syof7bwt FOREIGN KEY (appointment_animal_id) REFERENCES public.animals(animal_id);


--
-- TOC entry 4749 (class 2606 OID 17990)
-- Name: doctors2dates fkqgliofq75a60chokpr3p90c5j; Type: FK CONSTRAINT; Schema: public; Owner: postgres
--

ALTER TABLE ONLY public.doctors2dates
    ADD CONSTRAINT fkqgliofq75a60chokpr3p90c5j FOREIGN KEY (doctor2date_doctor_id) REFERENCES public.doctors(doctor_id);


-- Completed on 2025-06-24 05:21:00

--
-- PostgreSQL database dump complete
--

